title:Myanmar All Kar,url:megaxh.com/search/myanmar,picture:Pictures/1.jpg,key:yes
title:JAV All Kar,url:megaxh.com/search/jav,picture:Pictures/2.jpg,key:yes
title:Japan All Kar,url:megaxh.com/search/japanese,picture:Pictures/3.jpg,key:yes
title:Japan All Kar,url:megaxh.com/search/japanese,picture:Pictures/4.jpg,key:yes
title:Asian All Kar,url:megaxh.com/search/asian,picture:Pictures/5.jpg,key:yes
title:Thai All Kar,url:megaxh.com/search/thai,picture:Pictures/6.jpg,key:yes
title:Chinese All Kar,url:megaxh.com/search/chinese,picture:Pictures/7.jpg,key:yes
title:Teacher All Kar,url:megaxh.com/search/teacher,picture:Pictures/8.jpg,key:yes
title:Massage All Kar,url:megaxh.com/search/massage,picture:Pictures/9.jpg,key:yes
title:Teen All Kar,url:megaxh.com/search/teen,picture:Pictures/10.jpg,key:yes
title:Stars All Kar,url:megaxh.com/search/pornstar,picture:Pictures/11.jpg,key:yes
title:Hentai All Kar,url:megaxh.com/search/hentai,picture:Pictures/12.jpg,key:yes
title:Anime All Kar,url:megaxh.com/search/anime,picture:Pictures/13.jpg,key:yes

